Stock,Sector,MAE,MAPE,RMSE,Direction_Acc,R²
JPM,Unseen,6.952979198243646,5.184857227093506,8.937230453763648,45.714285714285715,0.9129912506404545
