Stock,Sector,MAE,MAPE,RMSE,Direction_Acc,R²
META,Unseen,25.627400429717127,9.385166267459319,34.5757845603288,42.857142857142854,0.888616524289346
