Stock,Sector,MAE,MAPE,RMSE,Direction_Acc,R²
EBAY,Unseen,16.438061846372715,32.2421025108404,30.465324551945383,42.857142857142854,-10.597182763867055
