Stock,MAE,MAPE,RMSE,Direction_Acc,R²
AAPL,3.6528538320160338,2.4159319778467343,6.612205248104574,82.85714285714286,0.9485830626827699
